"SNPid","Gene","Chr","MAF_percent","REVEL_score","CADD_raw","GERP++_NR","n"
"9:140777306:C:G","CACNA1B",9,50,"0.746","1.568397","4.57",1
"7:142458523:T:A","PRSS1",7,25,"0.883","4.167602","3.49",1
"9:33796758:T:A","PRSS3",9,15.952380952381,"0.801","4.141640","3.21",1
"7:56087374:C:T","PSPH",7,15.7142857142857,"0.818","5.080757","4.61",1
"7:142460339:G:A","PRSS1",7,13.0952380952381,"0.815","3.955402","3.28",1
"6:26093141:G:A","HFE",6,9.76190476190476,"0.872","4.996253","5.35",1
"7:56088811:T:C","PSPH",7,9.52380952380952,"0.692","5.239549","5.6",1
"14:94847262:T:A","SERPINA1",14,7.14285714285714,"0.692","5.001297","5.18",1
"16:25238420:G:A","AQP8",16,7.14285714285714,"0.908","5.022219","5.52",1
"1:115222237:T:A","AMPD1",1,6.90476190476191,"0.881","5.528512","5.63",1
"6:110763935:T:C","SLC22A16",6,5.95238095238095,"0.873","4.104905","4.74",1
"14:24976574:T:C","CMA1",14,5.71428571428571,"0.627","3.407225","5.01",1
"1:35227362:C:G","GJB4",1,5.23809523809524,"0.688","3.977387","5.73",1
"14:51372238:T:A","PYGL",14,5,"0.625","4.114427","6.07",1
"19:34868776:T:C","GPI",19,5,"0.744","4.180961","5.58",1
"19:6013084:C:T","RFX2",19,5,"0.854","6.193227","4.99",1
"2:178565913:T:C","PDE11A",2,5,"0.841","5.393832","5.7",1
"11:67809268:C:T","TCIRG1",11,4.52380952380952,"0.670","6.122438","3.72",1
"12:52913668:C:T","KRT5",12,4.28571428571429,"0.595","5.105553","5.45",1
"17:39525750:C:T","KRT33B",17,4.28571428571429,"0.769","5.269234","4.41",1
"9:140357962:C:T","PNPLA7",9,4.28571428571429,"0.834","3.939536","4.48",1
"9:74840668:G:A","GDA",9,4.28571428571429,"0.584","3.974563","5.82",1
"14:24707479:G:A","GMPR2",14,3.80952380952381,"0.685","5.999978","6.17",1
"22:32628900:C:T","SLC5A4",22,3.80952380952381,"0.783","5.495204","4.74",1
"22:35478529:G:A","ISX",22,3.80952380952381,"0.691","5.576396","4.94",1
"16:16173232:G:T","ABCC1",16,3.57142857142857,"0.783","4.759951","4.77",1
"3:136048854:A:G","PCCB",3,3.57142857142857,"0.919","5.072618","5.3",1
"15:76578762:G:A","ETFA",15,3.0952380952381,"0.635","5.553098","5.65",1
"15:89444912:G:A","MFGE8",15,3.0952380952381,"0.692","4.260405","5.36",1
"5:1232408:G:A","SLC6A18",5,3.0952380952381,"0.941","5.025252","5.45",1
"1:160141491:C:T","ATP1A4",1,2.85714285714286,"0.889","5.076141","4.19",1
"2:233272091:C:T","ALPG",2,2.85714285714286,"0.702","3.835533","1.98",1
"3:130290007:T:C","COL6A6",3,2.85714285714286,"0.616","4.476336","4.92",1
"17:39521142:C:T","KRT33B",17,2.61904761904762,"0.624","5.378288","4.85",1
"18:64172434:C:G","CDH19",18,2.61904761904762,"0.652","4.324728","5.18",1
"7:73183979:G:A","CLDN3",7,2.38095238095238,"0.833","5.780390","4.94",1
"7:75028272:T:A","TRIM73",7,2.38095238095238,"0.842","4.284512","2.31",1
"9:104189858:C:T","ALDOB",9,2.38095238095238,"0.873","6.243135","6.17",1
"14:51382637:G:A","PYGL",14,2.14285714285714,"0.924","5.629328","5.41",1
"22:30866053:G:A","SEC14L3",22,2.14285714285714,"0.797","4.977246","5.29",1
"9:131193551:G:C","CERCAM",9,2.14285714285714,"0.771","5.831571","5.02",1
"12:21229413:G:A","SLCO1B3-SLCO1B7;SLCO1B7",12,1.9047619047619,"0.789","4.443309","2.4",1
"19:41930487:T:A","BCKDHA",19,1.9047619047619,"0.953","5.097043","5.45",1
"2:224866427:A:G","SERPINE2",2,1.9047619047619,"0.848","4.618518","5.67",1
"11:68483376:A:G","TESMIN",11,1.66666666666667,"0.710","4.004759","5.34",1
"12:52778829:C:A","KRT84",12,1.66666666666667,"0.930","5.672148","5.03",1
"16:20990671:A:C","DNAH3",16,1.66666666666667,"0.824","4.901440","6.16",1
"19:33702165:C:T","SLC7A10",19,1.66666666666667,"0.958","5.925265","5.45",1
"1:11105542:C:T","MASP2",1,1.66666666666667,"0.982","5.167254","4.22",1
"22:30866218:G:A","SEC14L3",22,1.66666666666667,"0.860","6.150556","5.31",1
"10:5435983:C:T","TUBAL3",10,1.42857142857143,"0.559","2.326246","4.2",1
"12:53227585:C:T","KRT79",12,1.42857142857143,"0.881","5.595121","4.26",1
"16:56919275:C:G","SLC12A3",16,1.42857142857143,"0.511","6.313977","5.4",1
"17:48149358:A:G","ITGA3",17,1.42857142857143,"0.963","5.499791","5.55",1
"19:48525466:C:T","ELSPBP1",19,1.42857142857143,"0.530","3.985465","3.66",1
"1:100366229:G:A","AGL",1,1.42857142857143,"0.970","5.404783","5.75",1
"1:147380740:A:G","GJA8",1,1.42857142857143,"0.880","4.021294","4.4",1
"1:205389592:G:A","LEMD1",1,1.42857142857143,"0.489","4.893087","6.17",1
"20:62173817:C:T","SRMS",20,1.42857142857143,"0.433","3.941562","4.76",1
"2:169952173:G:C","DHRS9",2,1.42857142857143,"0.795","5.517998","5.93",1
"3:130282040:C:T","COL6A6",3,1.42857142857143,"0.827","5.710193","5.36",1
"3:179069807:G:A","MFN1",3,1.42857142857143,"0.906","5.427447","5.16",1
"4:6599928:C:A","MAN2B2",4,1.42857142857143,"0.814","4.476205","4.86",1
"6:155597134:G:A","CLDN20",6,1.42857142857143,"0.724","5.226399","5.38",1
"12:109684039:G:A","ACACB",12,1.19047619047619,"0.855","4.611395","5.24",1
"13:52518281:G:T","ATP7B",13,1.19047619047619,"0.909","3.783780","5.43",1
"15:80472526:C:T","FAH",15,1.19047619047619,"0.835","4.318314","4.48",1
"16:2094653:A:G","NTHL1",16,1.19047619047619,"0.876","4.870051","5.44",1
"16:70190543:A:G","PDPR",16,1.19047619047619,"0.827","5.006609","6.03",1
"16:72048540:C:T","DHODH",16,1.19047619047619,"0.901","6.113704","5.29",1
"18:7049171:C:T","LAMA1",18,1.19047619047619,"0.896","5.723242","5.85",1
"1:21940491:C:T","RAP1GAP",1,1.19047619047619,"0.823","5.998001","4.82",1
"20:18505200:G:T","SEC23B",20,1.19047619047619,"0.789","5.180654","4.91",1
"22:43089659:G:A","A4GALT",22,1.19047619047619,"0.901","5.100137","5.29",1
"6:158492750:T:G","SYNJ2",6,1.19047619047619,"0.929","5.523358","5.92",1
"10:71026433:T:C","HKDC1",10,0.952380952380952,"0.900","5.248367","4.96",1
"12:124241506:C:T","ATP6V0A2",12,0.952380952380952,"0.712","5.986345","5.71",1
"15:78921602:G:A","CHRNB4",15,0.952380952380952,"0.774","4.792431","5.13",1
"16:81320969:C:A","BCO1",16,0.952380952380952,"0.866","3.819158","6.08",1
"16:84256578:A:G","KCNG4",16,0.952380952380952,"0.957","5.026041","5.5",1
"17:39635118:G:A","KRT35",17,0.952380952380952,"0.744","5.689293","4.4",1
"17:70119716:A:C","SOX9",17,0.952380952380952,"0.486","3.015944","4.4",1
"1:156821885:A:G","INSRR",1,0.952380952380952,"0.939","4.929608","4.62",1
"1:74797201:T:C","FPGT-TNNI3K;TNNI3K",1,0.952380952380952,"0.823","4.007322","5.3",1
"20:13514760:A:G","TASP1",20,0.952380952380952,"0.896","4.999185","5.79",1
"20:57599303:C:T","TUBB1",20,0.952380952380952,"0.450","3.665952","5.34",1
"4:154636689:A:C","RNF175",4,0.952380952380952,"0.679","2.875941","4.35",1
"5:149359991:C:T","SLC26A2",5,0.952380952380952,"0.917","5.524481","5.12",1
"6:18143955:C:G","TPMT",6,0.952380952380952,"0.852","4.786285","5.38",1
"6:32372791:C:T","BTNL2",6,0.952380952380952,"0.474","3.181406","4.91",1
"6:44148718:T:C","CAPN11",6,0.952380952380952,"0.836","4.929963","5.01",1
"7:73097602:T:C","DNAJC30",7,0.952380952380952,"0.898","4.915055","5.26",1
"9:127572494:G:A","OLFML2A",9,0.952380952380952,"0.854","5.323897","5.52",1
"9:97333824:C:T","FBP2",9,0.952380952380952,"0.759","4.816627","5.26",1
"11:47660334:C:T","MTCH2",11,0.714285714285714,"0.928","5.386681","4.99",1
"11:65147013:C:T","SLC25A45",11,0.714285714285714,"0.981","5.590331","4.66",1
"11:67402333:A:T","TBX10",11,0.714285714285714,"0.803","4.235635","5.3",1
"12:103246653:C:T","PAH",12,0.714285714285714,"0.985","6.130650","5.72",1
"12:53217726:T:A","KRT79",12,0.714285714285714,"0.842","5.154830","4.03",1
"15:52689585:G:A","MYO5A",15,0.714285714285714,"0.754","5.227567","5.71",1
"16:2369616:C:T","ABCA3",16,0.714285714285714,"0.620","3.736691","5.6",1
"17:48750429:C:T","ABCC3",17,0.714285714285714,"0.859","5.779568","4.72",1
"1:119467357:G:T","TBX15",1,0.714285714285714,"0.941","6.096280","5.95",1
"1:45797228:C:T","MUTYH",1,0.714285714285714,"0.954","6.321850","5.4",1
"22:38212624:C:T","GCAT",22,0.714285714285714,"0.743","5.538900","5.42",1
"2:165947079:C:A","SCN3A",2,0.714285714285714,"0.827","5.641775","5.92",1
"5:132197286:G:A","GDF9",5,0.714285714285714,"0.826","5.352004","6.13",1
"6:39877617:A:G","MOCS1",6,0.714285714285714,"0.899","4.185724","4.98",1
"7:72436634:A:T","TRIM73;TRIM74",7,0.714285714285714,"0.777","4.330845","2.39",1
"8:133913747:G:A","TG",8,0.714285714285714,"0.756","4.645296","5.27",1
"8:17218717:C:T","MTMR7",8,0.714285714285714,"0.755","4.431587","5.48",1
"9:131860562:A:G","CRAT",9,0.714285714285714,"0.942","5.220906","5.13",1
"10:7765529:A:G","ITIH2",10,0.476190476190476,"0.806","5.109013","4.97",1
"11:18456373:C:T","LDHC",11,0.476190476190476,"0.807","5.955547","4.67",1
"11:64974054:G:A","CAPN1",11,0.476190476190476,"0.844","6.051509","5.26",1
"11:66136062:C:T","SLC29A2",11,0.476190476190476,"0.864","6.286580","5.05",1
"12:112167753:G:A","ACAD10",12,0.476190476190476,"0.598","4.610548","5.37",1
"12:56397802:C:T","SUOX",12,0.476190476190476,"0.931","5.256249","5.12",1
"12:7067226:G:A","PTPN6",12,0.476190476190476,"0.766","5.576875","5.08",1
"13:110855918:C:G","COL4A1",13,0.476190476190476,"0.886","4.973918","4.79",1
"14:64701709:A:G","ESR2",14,0.476190476190476,"0.987","5.258337","5.48",1
"14:74535660:G:A","ALDH6A1",14,0.476190476190476,"0.684","3.917888","5.98",1
"14:94405945:C:G","ASB2",14,0.476190476190476,"0.925","5.993059","5.0",1
"15:28510853:G:A","HERC2",15,0.476190476190476,"0.865","4.294712","5.56",1
"15:42631950:C:T","GANC",15,0.476190476190476,"0.894","5.712593","6.03",1
"16:30566951:C:A","ZNF764",16,0.476190476190476,"0.864","5.378708","5.16",1
"17:2224891:G:C","SRR",17,0.476190476190476,"0.959","5.584387","5.95",1
"17:27382238:C:T","PIPOX",17,0.476190476190476,"0.883","6.293494","5.87",1
"17:48745231:T:A","ABCC3",17,0.476190476190476,"0.891","4.970483","4.32",1
"17:68128833:G:T","KCNJ16",17,0.476190476190476,"0.962","5.330959","5.84",1
"18:47363927:G:A","MYO5B",18,0.476190476190476,"0.740","4.874942","4.77",1
"18:47566647:A:G","MYO5B",18,0.476190476190476,"0.775","4.520070","5.95",1
"19:49339623:C:A","HSD17B14",19,0.476190476190476,"0.719","5.349713","4.22",1
"1:115217452:C:T","AMPD1",1,0.476190476190476,"0.955","4.805224","5.99",1
"1:155261636:C:T","PKLR",1,0.476190476190476,"0.947","5.750361","4.85",1
"1:160144426:G:A","ATP1A4",1,0.476190476190476,"0.933","5.305953","4.27",1
"1:35250457:C:T","GJB3",1,0.476190476190476,"0.684","5.416308","5.85",1
"1:89414776:A:T","KYAT3",1,0.476190476190476,"0.809","5.444102","5.47",1
"20:35563513:C:T","SAMHD1",20,0.476190476190476,"0.993","6.127972","6.05",1
"20:43251680:C:T","ADA",20,0.476190476190476,"0.940","4.814968","4.89",1
"22:21385191:G:T","SLC7A4",22,0.476190476190476,"0.793","3.690932","5.37",1
"22:24898136:G:A","UPB1",22,0.476190476190476,"0.921","5.179668","5.06",1
"22:43023623:C:T","CYB5R3",22,0.476190476190476,"0.711","4.924509","4.97",1
"2:153405580:C:G","FMNL2",2,0.476190476190476,"0.847","4.972066","5.86",1
"2:208986546:C:T","CRYGD",2,0.476190476190476,"0.831","4.369488","4.25",1
"2:211306106:C:T","LANCL1",2,0.476190476190476,"0.918","5.248852","5.07",1
"2:44539746:C:T","SLC3A1",2,0.476190476190476,"0.943","4.908020","5.82",1
"3:48604152:C:T","COL7A1",3,0.476190476190476,"0.940","6.155616","5.12",1
"5:75964507:C:T","IQGAP2",5,0.476190476190476,"0.869","5.562146","5.48",1
"6:16286061:C:A","GMPR",6,0.476190476190476,"0.901","6.242333","4.9",1
"6:32180623:C:A","NOTCH4",6,0.476190476190476,"0.718","4.984491","4.33",1
"8:124658193:C:A","KLHL38",8,0.476190476190476,"0.854","4.419717","5.18",1
"8:124664836:C:T","KLHL38",8,0.476190476190476,"0.773","4.592240","5.5",1
"9:131696074:A:G","PHYHD1",9,0.476190476190476,"0.958","5.155586","5.2",1
"9:133911635:G:A","LAMC3",9,0.476190476190476,"0.887","4.709191","5.06",1
"10:105811958:C:T","COL17A1",10,0.238095238095238,"0.918","5.006782","5.39",1
"10:118315569:G:A","PNLIP",10,0.238095238095238,"0.701","4.053244","6.16",1
"10:50946067:C:T","OGDHL",10,0.238095238095238,"0.850","5.916093","4.84",1
"10:96998328:A:G","PDLIM1",10,0.238095238095238,"0.955","5.313633","5.24",1
"11:113803133:T:C","HTR3B",11,0.238095238095238,"0.952","5.262628","5.82",1
"11:34482847:A:G","CAT",11,0.238095238095238,"0.801","4.582637","4.98",1
"11:67434116:A:C","ALDH3B2",11,0.238095238095238,"0.741","3.479615","4.07",1
"11:7064447:C:T","NLRP14",11,0.238095238095238,"0.478","3.866103","4.48",1
"11:71185490:G:A","NADSYN1",11,0.238095238095238,"0.891","5.502322","4.7",1
"11:77838439:T:A","ALG8",11,0.238095238095238,"0.918","4.529239","5.26",1
"12:101576691:G:C","SLC5A8",12,0.238095238095238,"0.939","7.008228","5.58",1
"12:103234252:T:C","PAH",12,0.238095238095238,"0.982","4.988886","5.63",1
"12:103249091:C:T","PAH",12,0.238095238095238,"0.890","5.048905","5.73",1
"12:105434409:C:A","ALDH1L2",12,0.238095238095238,"0.941","5.663432","5.23",1
"12:52822050:C:T","KRT75",12,0.238095238095238,"0.907","5.625095","5.63",1
"12:53170489:G:A","KRT76",12,0.238095238095238,"0.797","5.032383","4.2",1
"12:57431732:G:C","MYO1A",12,0.238095238095238,"0.820","5.004778","5.13",1
"13:52524268:C:T","ATP7B",13,0.238095238095238,"0.876","5.466535","5.69",1
"14:23282454:C:T","SLC7A7",14,0.238095238095238,"0.952","6.107118","5.92",1
"14:39561827:G:A","SEC23A",14,0.238095238095238,"0.770","5.289170","5.57",1
"14:55004932:G:A","CGRRF1",14,0.238095238095238,"0.946","5.565850","5.17",1
"15:32450790:G:A","CHRNA7",15,0.238095238095238,"0.879","5.055262","4.76",1
"15:50264839:C:T","ATP8B4",15,0.238095238095238,"0.859","4.826790","4.84",1
"15:75641494:G:A","NEIL1",15,0.238095238095238,"0.860","5.599673","5.4",1
"15:85664176:A:G","PDE8A",15,0.238095238095238,"0.956","4.974327","5.44",1
"15:89442936:T:A","MFGE8",15,0.238095238095238,"0.823","3.994350","5.03",1
"16:20448430:C:G","ACSM5",16,0.238095238095238,"0.808","3.324780","5.15",1
"16:2350053:C:T","ABCA3",16,0.238095238095238,"0.704","5.314945","5.91",1
"16:2367764:T:A","ABCA3",16,0.238095238095238,"0.949","5.449197","4.97",1
"16:30997429:G:A","HSD3B7",16,0.238095238095238,"0.790","5.197715","4.6",1
"16:3707039:C:T","DNASE1",16,0.238095238095238,"0.676","4.800817","5.04",1
"16:5122049:G:A","ALG1",16,0.238095238095238,"0.957","6.247311","5.0",1
"16:55899940:C:T","CES5A",16,0.238095238095238,"0.696","4.482067","5.38",1
"16:81323953:G:C","BCO1",16,0.238095238095238,"0.875","5.788099","6.0",1
"16:88876158:C:T","APRT;APRT",16,0.238095238095238,"0.833","4.639885","5.34",1
"16:8905010:G:A","PMM2",16,0.238095238095238,"0.933","5.400353","5.43",1
"16:89180844:G:A","ACSF3",16,0.238095238095238,"0.936","6.106635","4.98",1
"17:17722395:G:A","SREBF1",17,0.238095238095238,"0.948","6.888663","4.62",1
"17:27446423:G:A","MYO18A",17,0.238095238095238,"0.625","5.616963","6.11",1
"17:39643658:T:A","KRT36",17,0.238095238095238,"0.826","4.976920","5.95",1
"17:62481850:T:C","POLG2",17,0.238095238095238,"0.853","4.301794","5.95",1
"17:78091534:A:T","GAA",17,0.238095238095238,"0.918","3.525115","4.64",1
"18:64172188:C:A","CDH19",18,0.238095238095238,"0.751","5.205442","4.86",1
"18:77097438:G:A","ATP9B",18,0.238095238095238,"0.868","4.769464","5.36",1
"19:41381762:C:T","CYP2A7",19,0.238095238095238,"0.746","5.035870","2.18",1
"1:104162275:G:A","AMY2A",1,0.238095238095238,"0.864","4.734543","2.96",1
"1:117663739:A:G","TRIM45",1,0.238095238095238,"0.969","4.980257","5.25",1
"1:160141536:G:A","ATP1A4",1,0.238095238095238,"0.845","4.037685","4.19",1
"1:160144396:G:A","ATP1A4",1,0.238095238095238,"0.948","4.955441","4.2",1
"1:197073381:C:T","ASPM",1,0.238095238095238,"0.665","5.586452","5.52",1
"1:203681122:G:T","ATP2B4",1,0.238095238095238,"0.960","5.692517","5.69",1
"1:216420190:C:T","USH2A",1,0.238095238095238,"0.778","4.899424","6.03",1
"1:35227078:C:T","GJB4",1,0.238095238095238,"0.941","5.640849","5.56",1
"20:25261004:C:T","PYGB",20,0.238095238095238,"0.850","3.593004","3.89",1
"20:2777921:C:T","CPXM1",20,0.238095238095238,"0.926","5.785534","4.66",1
"20:33524626:C:T","GSS",20,0.238095238095238,"0.771","6.229872","5.9",1
"20:61939948:G:A","COL20A1",20,0.238095238095238,"0.535","4.171828","4.07",1
"22:35478537:C:T","ISX",22,0.238095238095238,"0.861","4.878896","4.94",1
"22:36702058:G:A","MYH9",22,0.238095238095238,"0.875","6.376100","5.46",1
"22:38209567:A:G","GCAT",22,0.238095238095238,"0.899","4.826935","5.55",1
"22:38476900:C:T","SLC16A8",22,0.238095238095238,"0.950","5.587524","3.49",1
"22:41166966:G:C","SLC25A17",22,0.238095238095238,"0.758","5.272841","5.38",1
"22:41257815:G:A","DNAJB7",22,0.238095238095238,"0.687","3.420856","4.46",1
"2:157369961:C:T","GPD2",2,0.238095238095238,"0.936","5.703053","5.53",1
"2:167162345:G:A","SCN9A",2,0.238095238095238,"0.832","6.036371","5.96",1
"2:170042242:G:A","LRP2",2,0.238095238095238,"0.926","5.612414","5.97",1
"2:171355213:G:T","MYO3B",2,0.238095238095238,"0.852","7.082680","5.66",1
"2:233633157:T:G","KCNJ13",2,0.238095238095238,"0.960","4.937440","5.92",1
"2:241536298:T:C","CAPN10",2,0.238095238095238,"0.860","4.759938","4.92",1
"2:27455332:C:T","CAD",2,0.238095238095238,"0.890","5.892423","5.37",1
"2:47641541:C:T","MSH2",2,0.238095238095238,"0.941","5.162732","5.14",1
"3:161220921:G:A","OTOL1",3,0.238095238095238,"0.943","4.874001","5.12",1
"3:161221012:G:A","OTOL1",3,0.238095238095238,"0.886","3.630836","3.75",1
"3:183390097:A:G","KLHL24",3,0.238095238095238,"0.941","5.460446","5.76",1
"3:38167089:G:A","ACAA1",3,0.238095238095238,"0.937","5.396614","5.62",1
"3:38167336:T:C","ACAA1",3,0.238095238095238,"0.816","5.326685","5.35",1
"4:123329147:A:G","ADAD1",4,0.238095238095238,"0.978","5.164047","5.83",1
"4:187130349:G:A","CYP4V2",4,0.238095238095238,"0.740","5.001484","5.39",1
"4:983654:G:A","SLC26A1",4,0.238095238095238,"0.834","5.310895","5.23",1
"5:145317597:T:C","SH3RF2",5,0.238095238095238,"0.965","5.523624","6.07",1
"5:149357687:C:T","SLC26A2",5,0.238095238095238,"0.748","5.675801","5.48",1
"5:75960968:G:C","IQGAP2",5,0.238095238095238,"0.733","5.078074","5.41",1
"5:94936596:T:C","ARSK",5,0.238095238095238,"0.922","5.166983","5.83",1
"6:116441862:C:G","COL10A1",6,0.238095238095238,"0.995","5.443627","5.12",1
"6:32180684:A:C","NOTCH4",6,0.238095238095238,"0.937","4.760785","4.18",1
"6:49754491:C:G","PGK2",6,0.238095238095238,"0.686","4.744947","3.88",1
"6:54245367:T:G","TINAG",6,0.238095238095238,"0.871","5.946334","5.12",1
"7:100841936:G:C","MOGAT3",7,0.238095238095238,"0.653","3.278239","5.25",1
"7:107706899:A:G","LAMB4",7,0.238095238095238,"0.964","4.801103","4.98",1
"7:138305862:G:A","SVOPL",7,0.238095238095238,"0.798","5.117642","5.32",1
"7:20793028:G:A","ABCB5",7,0.238095238095238,"0.983","4.832139","5.02",1
"8:39785529:A:T","IDO1",8,0.238095238095238,"0.859","4.220725","5.65",1
"8:42038165:G:A","PLAT",8,0.238095238095238,"0.751","4.493510","5.38",1
"9:125143994:C:T","PTGS1",9,0.238095238095238,"0.894","5.501784","4.82",1
"9:131596035:C:T","KYAT1",9,0.238095238095238,"0.901","5.619933","5.46",1
"9:2718887:G:T","KCNV2",9,0.238095238095238,"0.951","5.882350","5.07",1
